-- Seed: club pitches, teams and all bookings loaded July 2026

INSERT INTO pitches (id, name) OVERRIDING SYSTEM VALUE VALUES
  (1, 'Main Pitch'),
  (2, '7v7 Pitch');

INSERT INTO teams (id, name, colour) OVERRIDING SYSTEM VALUE VALUES
  (1, 'First Team', '#dc2626'),
  (2, 'Reserve Team', '#ea580c'),
  (3, 'Sunday Team', '#ca8a04'),
  (4, 'Vets', '#64748b'),
  (5, 'U16''s', '#2563eb'),
  (6, 'U12''s', '#0d9488'),
  (7, 'U11''s', '#9333ea'),
  (8, 'Cubs', '#65a30d'),
  (9, 'Cricket Club', '#166534');

INSERT INTO bookings (id, pitch_id, team_id, type, title, date, start_min, end_min, booked_by, created_at) OVERRIDING SYSTEM VALUE VALUES
  (102, NULL, 1, 'fixture', 'vs Loxwood (away, 3pm KO)', '2026-07-04', 900, 1020, 'Committee import', '2026-07-05 18:27:00'::timestamptz),
  (103, 1, 1, 'fixture', 'vs Mile Oak (home, 7pm KO)', '2026-07-07', 1140, 1260, 'Committee import', '2026-07-05 18:27:00'::timestamptz),
  (104, 1, 1, 'fixture', 'vs Hailsham (home, 7pm KO)', '2026-07-16', 1140, 1260, 'Committee import', '2026-07-05 18:27:00'::timestamptz),
  (105, 1, 1, 'fixture', 'vs Arundel (home, 7pm KO)', '2026-07-21', 1140, 1260, 'Committee import', '2026-07-05 18:27:00'::timestamptz),
  (106, 1, 1, 'fixture', 'vs Roffey II (home, 7pm KO)', '2026-07-24', 1140, 1260, 'Committee import', '2026-07-05 18:27:00'::timestamptz),
  (107, 1, 1, 'fixture', 'vs Westfield (home, 7pm KO)', '2026-07-28', 1140, 1260, 'Committee import', '2026-07-05 18:27:00'::timestamptz),
  (108, NULL, 2, 'fixture', 'vs Shoreham (away, 7:30pm KO)', '2026-07-23', 1170, 1290, 'Committee import', '2026-07-05 18:27:00'::timestamptz),
  (109, NULL, 2, 'fixture', 'vs Fittleworth (away, 3pm KO)', '2026-08-08', 900, 1020, 'Committee import', '2026-07-05 18:27:00'::timestamptz),
  (110, NULL, 2, 'fixture', 'vs Slinfold (away, 2pm KO)', '2026-08-15', 840, 960, 'Committee import', '2026-07-05 18:27:00'::timestamptz),
  (111, 1, 2, 'fixture', 'vs Cowfold (home, 7pm KO)', '2026-08-21', 1140, 1260, 'Committee import', '2026-07-05 18:27:00'::timestamptz),
  (112, NULL, 2, 'fixture', 'vs Ringmer (away, 7pm KO)', '2026-08-28', 1140, 1260, 'Committee import', '2026-07-05 18:27:00'::timestamptz),
  (113, NULL, 3, 'fixture', 'at Furngate — Warden Park School, Cuckfield (11am KO)', '2026-08-02', 660, 780, 'Committee import', '2026-07-05 18:27:00'::timestamptz),
  (114, 1, 3, 'fixture', 'vs Associates (home, aiming 10am)', '2026-08-23', 600, 720, 'Committee import', '2026-07-05 18:27:01'::timestamptz),
  (115, 1, 3, 'fixture', 'vs Furngate (home, aiming 10am)', '2026-08-30', 600, 720, 'Committee import', '2026-07-05 18:27:01'::timestamptz),
  (116, 1, 5, 'fixture', 'Friendly', '2026-08-02', 630, 720, 'Committee import', '2026-07-05 18:27:01'::timestamptz),
  (117, 1, 5, 'fixture', 'Friendly', '2026-08-23', 750, 840, 'Committee import', '2026-07-05 18:27:01'::timestamptz),
  (118, 1, 6, 'fixture', 'Friendly', '2026-08-15', 540, 630, 'Committee import', '2026-07-05 18:27:01'::timestamptz),
  (119, 1, 6, 'fixture', 'Friendly', '2026-08-22', 540, 630, 'Committee import', '2026-07-05 18:27:01'::timestamptz),
  (120, 1, 6, 'fixture', 'Friendly', '2026-08-29', 540, 630, 'Committee import', '2026-07-05 18:27:01'::timestamptz),
  (121, NULL, 1, 'training', 'Senior training (Firsts & Reserves)', '2026-07-07', 1110, 1200, 'Committee import', '2026-07-05 18:27:01'::timestamptz),
  (122, NULL, 1, 'training', 'Senior training (Firsts & Reserves)', '2026-07-14', 1110, 1200, 'Committee import', '2026-07-05 18:27:01'::timestamptz),
  (123, NULL, 1, 'training', 'Senior training (Firsts & Reserves)', '2026-07-21', 1110, 1200, 'Committee import', '2026-07-05 18:27:01'::timestamptz),
  (124, NULL, 1, 'training', 'Senior training (Firsts & Reserves)', '2026-07-28', 1110, 1200, 'Committee import', '2026-07-05 18:27:01'::timestamptz),
  (125, NULL, 1, 'training', 'Senior training (Firsts & Reserves)', '2026-08-04', 1110, 1200, 'Committee import', '2026-07-05 18:27:01'::timestamptz),
  (126, NULL, 1, 'training', 'Senior training (Firsts & Reserves)', '2026-08-11', 1110, 1200, 'Committee import', '2026-07-05 18:27:01'::timestamptz),
  (127, NULL, 1, 'training', 'Senior training (Firsts & Reserves)', '2026-08-18', 1110, 1200, 'Committee import', '2026-07-05 18:27:01'::timestamptz),
  (128, NULL, 1, 'training', 'Senior training (Firsts & Reserves)', '2026-08-25', 1110, 1200, 'Committee import', '2026-07-05 18:27:01'::timestamptz),
  (129, NULL, 1, 'training', 'Senior training (Firsts & Reserves)', '2026-09-01', 1110, 1200, 'Committee import', '2026-07-05 18:27:01'::timestamptz),
  (130, NULL, 1, 'training', 'Senior training (Firsts & Reserves)', '2026-09-08', 1110, 1200, 'Committee import', '2026-07-05 18:27:01'::timestamptz),
  (131, NULL, 1, 'training', 'Senior training (Firsts & Reserves)', '2026-09-15', 1110, 1200, 'Committee import', '2026-07-05 18:27:01'::timestamptz),
  (132, NULL, 1, 'training', 'Senior training (Firsts & Reserves)', '2026-09-22', 1110, 1200, 'Committee import', '2026-07-05 18:27:01'::timestamptz),
  (133, NULL, 1, 'training', 'Senior training (Firsts & Reserves)', '2026-07-09', 1110, 1200, 'Committee import', '2026-07-05 18:27:01'::timestamptz),
  (134, NULL, 1, 'training', 'Senior training (Firsts & Reserves)', '2026-07-16', 1110, 1200, 'Committee import', '2026-07-05 18:27:01'::timestamptz),
  (135, NULL, 1, 'training', 'Senior training (Firsts & Reserves)', '2026-07-23', 1110, 1200, 'Committee import', '2026-07-05 18:27:01'::timestamptz),
  (136, NULL, 1, 'training', 'Senior training (Firsts & Reserves)', '2026-07-30', 1110, 1200, 'Committee import', '2026-07-05 18:27:01'::timestamptz),
  (137, NULL, 1, 'training', 'Senior training (Firsts & Reserves)', '2026-08-06', 1110, 1200, 'Committee import', '2026-07-05 18:27:01'::timestamptz),
  (138, NULL, 1, 'training', 'Senior training (Firsts & Reserves)', '2026-08-13', 1110, 1200, 'Committee import', '2026-07-05 18:27:01'::timestamptz),
  (139, NULL, 1, 'training', 'Senior training (Firsts & Reserves)', '2026-08-20', 1110, 1200, 'Committee import', '2026-07-05 18:27:01'::timestamptz),
  (140, NULL, 1, 'training', 'Senior training (Firsts & Reserves)', '2026-08-27', 1110, 1200, 'Committee import', '2026-07-05 18:27:01'::timestamptz),
  (141, NULL, 1, 'training', 'Senior training (Firsts & Reserves)', '2026-09-03', 1110, 1200, 'Committee import', '2026-07-05 18:27:01'::timestamptz),
  (142, NULL, 1, 'training', 'Senior training (Firsts & Reserves)', '2026-09-10', 1110, 1200, 'Committee import', '2026-07-05 18:27:01'::timestamptz),
  (143, NULL, 1, 'training', 'Senior training (Firsts & Reserves)', '2026-09-17', 1110, 1200, 'Committee import', '2026-07-05 18:27:01'::timestamptz),
  (144, NULL, 1, 'training', 'Senior training (Firsts & Reserves)', '2026-09-24', 1110, 1200, 'Committee import', '2026-07-05 18:27:01'::timestamptz),
  (145, NULL, 1, 'training', 'Senior training — Culver Road 4G', '2026-09-30', 1140, 1200, 'Committee import', '2026-07-05 18:27:01'::timestamptz),
  (146, NULL, 1, 'training', 'Senior training — Culver Road 4G', '2026-10-07', 1140, 1200, 'Committee import', '2026-07-05 18:27:01'::timestamptz),
  (147, NULL, 1, 'training', 'Senior training — Culver Road 4G', '2026-10-14', 1140, 1200, 'Committee import', '2026-07-05 18:27:01'::timestamptz),
  (148, NULL, 1, 'training', 'Senior training — Culver Road 4G', '2026-10-21', 1140, 1200, 'Committee import', '2026-07-05 18:27:01'::timestamptz),
  (149, NULL, 1, 'training', 'Senior training — Culver Road 4G', '2026-10-28', 1140, 1200, 'Committee import', '2026-07-05 18:27:01'::timestamptz),
  (150, NULL, 1, 'training', 'Senior training — Culver Road 4G', '2026-11-04', 1140, 1200, 'Committee import', '2026-07-05 18:27:01'::timestamptz),
  (151, NULL, 1, 'training', 'Senior training — Culver Road 4G', '2026-11-11', 1140, 1200, 'Committee import', '2026-07-05 18:27:01'::timestamptz),
  (152, NULL, 1, 'training', 'Senior training — Culver Road 4G', '2026-11-18', 1140, 1200, 'Committee import', '2026-07-05 18:27:01'::timestamptz),
  (153, NULL, 1, 'training', 'Senior training — Culver Road 4G', '2026-11-25', 1140, 1200, 'Committee import', '2026-07-05 18:27:01'::timestamptz),
  (154, NULL, 1, 'training', 'Senior training — Culver Road 4G', '2026-12-02', 1140, 1200, 'Committee import', '2026-07-05 18:27:01'::timestamptz),
  (155, NULL, 1, 'training', 'Senior training — Culver Road 4G', '2026-12-09', 1140, 1200, 'Committee import', '2026-07-05 18:27:01'::timestamptz),
  (156, NULL, 1, 'training', 'Senior training — Culver Road 4G', '2026-12-16', 1140, 1200, 'Committee import', '2026-07-05 18:27:01'::timestamptz),
  (157, NULL, 1, 'training', 'Senior training — Culver Road 4G', '2026-12-23', 1140, 1200, 'Committee import', '2026-07-05 18:27:01'::timestamptz),
  (158, NULL, 1, 'training', 'Senior training — Culver Road 4G', '2026-12-30', 1140, 1200, 'Committee import', '2026-07-05 18:27:01'::timestamptz),
  (159, NULL, 1, 'training', 'Senior training — Culver Road 4G', '2027-01-06', 1140, 1200, 'Committee import', '2026-07-05 18:27:01'::timestamptz),
  (160, NULL, 1, 'training', 'Senior training — Culver Road 4G', '2027-01-13', 1140, 1200, 'Committee import', '2026-07-05 18:27:01'::timestamptz),
  (161, NULL, 1, 'training', 'Senior training — Culver Road 4G', '2027-01-20', 1140, 1200, 'Committee import', '2026-07-05 18:27:01'::timestamptz),
  (162, NULL, 1, 'training', 'Senior training — Culver Road 4G', '2027-01-27', 1140, 1200, 'Committee import', '2026-07-05 18:27:01'::timestamptz),
  (163, NULL, 1, 'training', 'Senior training — Culver Road 4G', '2027-02-03', 1140, 1200, 'Committee import', '2026-07-05 18:27:01'::timestamptz),
  (164, NULL, 1, 'training', 'Senior training — Culver Road 4G', '2027-02-10', 1140, 1200, 'Committee import', '2026-07-05 18:27:01'::timestamptz),
  (165, NULL, 6, 'training', 'U12 training', '2026-07-06', 1080, 1140, 'Committee import', '2026-07-05 18:27:01'::timestamptz),
  (166, NULL, 6, 'training', 'U12 training', '2026-07-13', 1080, 1140, 'Committee import', '2026-07-05 18:27:01'::timestamptz),
  (167, NULL, 6, 'training', 'U12 training', '2026-07-20', 1080, 1140, 'Committee import', '2026-07-05 18:27:01'::timestamptz),
  (168, NULL, 6, 'training', 'U12 training', '2026-07-27', 1080, 1140, 'Committee import', '2026-07-05 18:27:01'::timestamptz),
  (169, NULL, 6, 'training', 'U12 training', '2026-08-03', 1080, 1140, 'Committee import', '2026-07-05 18:27:01'::timestamptz),
  (170, NULL, 6, 'training', 'U12 training', '2026-08-10', 1080, 1140, 'Committee import', '2026-07-05 18:27:01'::timestamptz),
  (171, NULL, 6, 'training', 'U12 training', '2026-08-17', 1080, 1140, 'Committee import', '2026-07-05 18:27:01'::timestamptz),
  (172, NULL, 6, 'training', 'U12 training', '2026-08-24', 1080, 1140, 'Committee import', '2026-07-05 18:27:01'::timestamptz),
  (173, NULL, 6, 'training', 'U12 training', '2026-08-31', 1080, 1140, 'Committee import', '2026-07-05 18:27:01'::timestamptz),
  (174, NULL, 6, 'training', 'U12 training', '2026-09-07', 1080, 1140, 'Committee import', '2026-07-05 18:27:01'::timestamptz),
  (175, NULL, 6, 'training', 'U12 training', '2026-09-14', 1080, 1140, 'Committee import', '2026-07-05 18:27:01'::timestamptz),
  (176, NULL, 6, 'training', 'U12 training', '2026-09-21', 1080, 1140, 'Committee import', '2026-07-05 18:27:01'::timestamptz),
  (177, NULL, 6, 'training', 'U12 training', '2026-09-28', 1080, 1140, 'Committee import', '2026-07-05 18:27:01'::timestamptz),
  (178, NULL, 8, 'training', 'Cubs session', '2026-07-11', 540, 600, 'Committee import', '2026-07-05 18:27:01'::timestamptz),
  (179, NULL, 8, 'training', 'Cubs session', '2026-07-18', 540, 600, 'Committee import', '2026-07-05 18:27:01'::timestamptz),
  (180, NULL, 8, 'training', 'Cubs session', '2026-07-25', 540, 600, 'Committee import', '2026-07-05 18:27:01'::timestamptz),
  (181, NULL, 8, 'training', 'Cubs session', '2026-08-01', 540, 600, 'Committee import', '2026-07-05 18:27:01'::timestamptz),
  (182, NULL, 8, 'training', 'Cubs session', '2026-08-08', 540, 600, 'Committee import', '2026-07-05 18:27:01'::timestamptz),
  (183, NULL, 8, 'training', 'Cubs session', '2026-08-15', 540, 600, 'Committee import', '2026-07-05 18:27:01'::timestamptz),
  (184, NULL, 8, 'training', 'Cubs session', '2026-08-22', 540, 600, 'Committee import', '2026-07-05 18:27:01'::timestamptz),
  (185, NULL, 8, 'training', 'Cubs session', '2026-08-29', 540, 600, 'Committee import', '2026-07-05 18:27:01'::timestamptz),
  (186, NULL, 8, 'training', 'Cubs session', '2026-09-05', 540, 600, 'Committee import', '2026-07-05 18:27:01'::timestamptz),
  (187, NULL, 8, 'training', 'Cubs session', '2026-09-12', 540, 600, 'Committee import', '2026-07-05 18:27:01'::timestamptz),
  (188, NULL, 8, 'training', 'Cubs session', '2026-09-19', 540, 600, 'Committee import', '2026-07-05 18:27:01'::timestamptz),
  (189, NULL, 8, 'training', 'Cubs session', '2026-09-26', 540, 600, 'Committee import', '2026-07-05 18:27:01'::timestamptz),
  (190, NULL, 8, 'training', 'Cubs session', '2026-10-03', 540, 600, 'Committee import', '2026-07-05 18:27:01'::timestamptz),
  (191, NULL, 8, 'training', 'Cubs session', '2026-10-10', 540, 600, 'Committee import', '2026-07-05 18:27:01'::timestamptz),
  (192, NULL, 8, 'training', 'Cubs session', '2026-10-17', 540, 600, 'Committee import', '2026-07-05 18:27:01'::timestamptz),
  (193, NULL, 8, 'training', 'Cubs session', '2026-10-24', 540, 600, 'Committee import', '2026-07-05 18:27:01'::timestamptz),
  (194, NULL, 8, 'training', 'Cubs session', '2026-10-31', 540, 600, 'Committee import', '2026-07-05 18:27:01'::timestamptz),
  (195, NULL, 8, 'training', 'Cubs session', '2026-11-07', 540, 600, 'Committee import', '2026-07-05 18:27:01'::timestamptz),
  (196, NULL, 8, 'training', 'Cubs session', '2026-11-14', 540, 600, 'Committee import', '2026-07-05 18:27:01'::timestamptz),
  (197, NULL, 8, 'training', 'Cubs session', '2026-11-21', 540, 600, 'Committee import', '2026-07-05 18:27:01'::timestamptz),
  (198, NULL, 8, 'training', 'Cubs session', '2026-11-28', 540, 600, 'Committee import', '2026-07-05 18:27:01'::timestamptz),
  (199, NULL, 8, 'training', 'Cubs session', '2026-12-05', 540, 600, 'Committee import', '2026-07-05 18:27:01'::timestamptz),
  (200, NULL, 8, 'training', 'Cubs session', '2026-12-12', 540, 600, 'Committee import', '2026-07-05 18:27:01'::timestamptz),
  (201, NULL, 8, 'training', 'Cubs session', '2026-12-19', 540, 600, 'Committee import', '2026-07-05 18:27:01'::timestamptz),
  (202, NULL, 8, 'training', 'Cubs session', '2026-12-26', 540, 600, 'Committee import', '2026-07-05 18:27:01'::timestamptz),
  (203, 1, 9, 'fixture', 'Cricket vs Chailey CC (1:30pm) — ground in use from midday', '2026-07-12', 720, 1320, 'Committee import', '2026-07-05 19:08:25'::timestamptz),
  (204, 2, 9, 'fixture', 'Cricket vs Chailey CC (1:30pm) — ground in use from midday', '2026-07-12', 720, 1320, 'Committee import', '2026-07-05 19:08:25'::timestamptz),
  (205, 1, 9, 'fixture', 'Cricket vs Steyning Rebels (1pm) — ground in use from midday', '2026-08-02', 720, 1320, 'Committee import', '2026-07-05 19:08:25'::timestamptz),
  (206, 2, 9, 'fixture', 'Cricket vs Steyning Rebels (1pm) — ground in use from midday', '2026-08-02', 720, 1320, 'Committee import', '2026-07-05 19:08:25'::timestamptz),
  (207, 1, 9, 'fixture', 'Cricket vs Ferring CC (1pm) — ground in use from midday', '2026-08-09', 720, 1320, 'Committee import', '2026-07-05 19:08:25'::timestamptz),
  (208, 2, 9, 'fixture', 'Cricket vs Ferring CC (1pm) — ground in use from midday', '2026-08-09', 720, 1320, 'Committee import', '2026-07-05 19:08:25'::timestamptz),
  (209, 1, 9, 'fixture', 'Cricket (Saturday fixture) — ground in use from midday', '2026-07-11', 720, 1320, 'Committee import', '2026-07-05 19:08:25'::timestamptz),
  (210, 2, 9, 'fixture', 'Cricket (Saturday fixture) — ground in use from midday', '2026-07-11', 720, 1320, 'Committee import', '2026-07-05 19:08:25'::timestamptz),
  (211, 1, 9, 'fixture', 'Cricket (Saturday fixture) — ground in use from midday', '2026-07-18', 720, 1320, 'Committee import', '2026-07-05 19:08:25'::timestamptz),
  (212, 2, 9, 'fixture', 'Cricket (Saturday fixture) — ground in use from midday', '2026-07-18', 720, 1320, 'Committee import', '2026-07-05 19:08:25'::timestamptz),
  (213, 1, 9, 'fixture', 'Cricket (Saturday fixture) — ground in use from midday', '2026-07-25', 720, 1320, 'Committee import', '2026-07-05 19:08:25'::timestamptz),
  (214, 2, 9, 'fixture', 'Cricket (Saturday fixture) — ground in use from midday', '2026-07-25', 720, 1320, 'Committee import', '2026-07-05 19:08:25'::timestamptz),
  (215, 1, 9, 'fixture', 'Cricket (Saturday fixture) — ground in use from midday', '2026-08-01', 720, 1320, 'Committee import', '2026-07-05 19:08:25'::timestamptz),
  (216, 2, 9, 'fixture', 'Cricket (Saturday fixture) — ground in use from midday', '2026-08-01', 720, 1320, 'Committee import', '2026-07-05 19:08:25'::timestamptz),
  (217, 1, 9, 'fixture', 'Cricket (Saturday fixture) — ground in use from midday', '2026-08-08', 720, 1320, 'Committee import', '2026-07-05 19:08:25'::timestamptz),
  (218, 2, 9, 'fixture', 'Cricket (Saturday fixture) — ground in use from midday', '2026-08-08', 720, 1320, 'Committee import', '2026-07-05 19:08:25'::timestamptz),
  (219, 1, 9, 'fixture', 'Cricket (Saturday fixture) — ground in use from midday', '2026-08-15', 720, 1320, 'Committee import', '2026-07-05 19:08:25'::timestamptz),
  (220, 2, 9, 'fixture', 'Cricket (Saturday fixture) — ground in use from midday', '2026-08-15', 720, 1320, 'Committee import', '2026-07-05 19:08:25'::timestamptz),
  (221, 1, 9, 'fixture', 'Cricket (Saturday fixture) — ground in use from midday', '2026-08-22', 720, 1320, 'Committee import', '2026-07-05 19:08:25'::timestamptz),
  (222, 2, 9, 'fixture', 'Cricket (Saturday fixture) — ground in use from midday', '2026-08-22', 720, 1320, 'Committee import', '2026-07-05 19:08:25'::timestamptz),
  (223, 1, 9, 'fixture', 'Cricket (Saturday fixture) — ground in use from midday', '2026-08-29', 720, 1320, 'Committee import', '2026-07-05 19:08:25'::timestamptz),
  (224, 2, 9, 'fixture', 'Cricket (Saturday fixture) — ground in use from midday', '2026-08-29', 720, 1320, 'Committee import', '2026-07-05 19:08:25'::timestamptz),
  (225, 1, 9, 'fixture', 'Cricket (Saturday fixture) — ground in use from midday', '2026-09-05', 720, 1320, 'Committee import', '2026-07-05 19:08:25'::timestamptz),
  (226, 2, 9, 'fixture', 'Cricket (Saturday fixture) — ground in use from midday', '2026-09-05', 720, 1320, 'Committee import', '2026-07-05 19:08:25'::timestamptz),
  (227, 1, 9, 'fixture', 'Cricket (Saturday fixture) — ground in use from midday', '2026-09-12', 720, 1320, 'Committee import', '2026-07-05 19:08:25'::timestamptz),
  (228, 2, 9, 'fixture', 'Cricket (Saturday fixture) — ground in use from midday', '2026-09-12', 720, 1320, 'Committee import', '2026-07-05 19:08:25'::timestamptz);

SELECT setval(pg_get_serial_sequence('pitches', 'id'), (SELECT MAX(id) FROM pitches));
SELECT setval(pg_get_serial_sequence('teams', 'id'), (SELECT MAX(id) FROM teams));
SELECT setval(pg_get_serial_sequence('bookings', 'id'), (SELECT MAX(id) FROM bookings));
